"first_name","last_name","job_title","department","email","address","phone_number","salary","password"
"Carla","Green","Clinical psychologist","Horticulturist -  amenity","ujohnson@example.net","Ericaport","398-337-8376","11283","BMIhMrMv"
"Michael","Fields","Electrical engineer","Health physicist","millererica@example.com","New Elizabeth","317.747.7089x447","16992","3MWNhtAt"
"Rita","Perez","Garment/textile technologist","Accountant -  chartered","vkhan@example.com","Port Rodney","619.569.3990x077","96851","IkiDO5fG"
"David","Travis","Historic buildings inspector/conservation officer","Manufacturing systems engineer","joshuaduke@example.net","Robertsonhaven","+1-518-816-5433","28875","8btUwKNB"
"Kristopher","Taylor","Teacher -  English as a foreign language","IT trainer","idoyle@example.net","Brittanymouth","713.434.0401x69726","22421","oCGoSInZ"
"Denise","Williams","TEFL teacher","Furniture designer","olsenjennifer@example.net","Jonathanfurt","(265)870-8024","74397","I0dbGrdt"
"Margaret","Allen","Technical brewer","Meteorologist","qnovak@example.com","West Amyland","400-387-4778","24239","8UHh7Ql2"
"John","Park","Designer -  interior/spatial","Information officer","mnorton@example.com","Maddenfort","+1-552-384-1410x13417","29986","LfhIQPmV"
"Nicole","Davis","Community pharmacist","Photographer","lopezalexandra@example.net","Lake Frankville","(340)676-0137","23727","6Y8nkmjN"
"Vanessa","Bailey","Naval architect","Chiropodist","hilltroy@example.net","Shirleyland","489-582-7318x3140","84760","3jqjfD5I"
"Nicholas","Brennan","Multimedia programmer","Glass blower/designer","mitchell15@example.com","Port Patrick","610.917.7049x23462","49306","aL60GJ2b"
"Jonathan","Williams","Scientist -  research (maths)","Paramedic","utaylor@example.org","Dianechester","+1-288-828-9367x01588","39261","CtYW7W2D"
"Kristy","Dyer","Radio broadcast assistant","Special effects artist","james80@example.net","North Chad","967-797-5259x080","12724","7shWm745"
"Katherine","Small","Journalist -  newspaper","Production manager","sandra70@example.net","Dayside","726.574.9430x7806","36783","ts4NV2Gj"
"Christina","Dunlap","Press sub","Medical secretary","nhaney@example.net","New James","+1-712-431-3910","60669","WwO2bF0K"
"Stephanie","Palmer","Animator","Company secretary","umcdonald@example.com","New Nataliechester","(590)717-5699x037","98922","EebXAT1J"
"Christina","Sandoval","Radio broadcast assistant","Theatre director","ryanrivera@example.org","East Andrea","001-467-835-1728x3389","76728","wuJo3gYf"
"Tara","Roberts","Heritage manager","Nature conservation officer","kathleenhansen@example.net","Port Josephburgh","651-990-4018x584","29992","NhTrbARV"
"Kendra","Campos","Teacher -  special educational needs","Chief Technology Officer","christopher75@example.org","South Michelle","+1-731-494-5581x92034","24124","N2A7shQn"
"Sarah","Davis","Music tutor","Research scientist (medical)","patriciajohnson@example.net","Laurafurt","226-724-6516","8920","u8YGaR6L"
"Mitchell","Williams","Archivist","Call centre manager","shermantravis@example.com","East Fernandoberg","838-832-5959x94380","91811","qaUs3IKf"
"Michelle","Brown","Chief of Staff","Merchant navy officer","bmorton@example.net","South Michael","459-513-3259x30203","51954","Egg3YrO0"
"Dawn","Wood","Education administrator","Radiation protection practitioner","wilsonrebecca@example.com","Kimberlytown","(999)971-6426","47262","E3VremLy"
"Christopher","Stokes","Designer -  textile","Cabin crew","gblake@example.com","Kingshire","001-603-609-0970x749","21131","aBqlZ6F3"
"Jared","Gomez","Clinical cytogeneticist","Haematologist","latashaeaton@example.org","Huffland","612.621.3989x974","95732","3uyhpSMJ"
"Roy","Perez","Psychiatric nurse","Fast food restaurant manager","qnewton@example.net","West Loganberg","733.653.2877x6420","17772","LmTAI82L"
"Jennifer","Torres","Manufacturing engineer","Best boy","zfischer@example.org","East Tonya","581-998-0368x8544","71704","VEceEEUf"
"Jason","Beasley","Exhibitions officer -  museum/gallery","Land","tyler41@example.com","New Taramouth","684.200.3703x53706","53684","cfl0Beo5"
"Michael","Mclaughlin","Forensic scientist","Restaurant manager -  fast food","taylorlori@example.org","North Donaldburgh","620-401-9943x02267","70469","FaPni6Bq"
"Victor","Dunn","Occupational psychologist","Fisheries officer","charles91@example.org","Garrettmouth","845.280.7013x3737","44268","5JcXWEdl"
"Bryan","Rodriguez","Clothing/textile technologist","Licensed conveyancer","whuang@example.com","Adammouth","+1-744-324-1168x02685","7482","Ba8uQ4qn"
"Jodi","Morales","Careers information officer","Education administrator","justin07@example.net","Port Stacyberg","431-911-4828","98449","ZDdYX6W0"
"William","Leblanc","Barrister's clerk","Therapist -  occupational","mcculloughsylvia@example.net","Brianberg","(760)528-9117","65770","RLJ1Pxox"
"Cheryl","Spencer","Broadcast engineer","Financial trader","jmurphy@example.com","West Ashleytown","(975)241-1358x655","96094","MVUwmytx"
"Aaron","Frederick","Banker","Gaffer","susan23@example.net","Isaiahborough","282.209.5425x398","53211","l73pAE92"
"Stanley","Wilson","Physiotherapist","Engineer -  maintenance","harrisonsandra@example.org","Wayneburgh","+1-704-644-0434x9479","39968","oKprmID7"
"Anna","Hart","Engineer -  manufacturing","Building services engineer","seanavila@example.net","Francoton","294.775.0554x439","68105","YfYy3Bkl"
"Jason","Benitez","Surveyor -  commercial/residential","Trading standards officer","benjaminlong@example.net","East Steve","001-679-238-2371x1655","59737","XP9wMnx8"
"Melissa","Anderson","Fisheries officer","Merchandiser -  retail","wfaulkner@example.net","Alexanderport","+1-424-356-9496","46866","6RJqD6DR"
"Joseph","Ford","Best boy","Quality manager","jodyross@example.org","Kevinberg","547-795-1088","54471","U7pKMhDO"
"Katie","Malone","Marine scientist","Journalist -  broadcasting","hgordon@example.net","Jerryfurt","+1-973-653-8733x0261","72509","t8WfeTv5"
"James","Williams","Land/geomatics surveyor","Editor -  magazine features","jonathansmith@example.net","North Tristan","(795)305-8753x8275","49462","SLTiOIVw"
"Vanessa","Jones","Clinical embryologist","Actuary","josephmills@example.org","Patriciatown","+1-725-337-9296","9121","m0A8VC0T"
"Amanda","Archer","Immigration officer","Stage manager","nriley@example.org","Port Justin","902.951.5538x1063","99897","2dFJ73AJ"
"Amber","Davis","Theatre manager","Warden/ranger","samuel75@example.net","Port Rubenmouth","486-800-5845","34825","VwplznnO"
"Jessica","Spencer","Designer -  fashion/clothing","Teacher -  music","eestrada@example.net","Emilymouth","+1-605-636-5559x1896","23102","cV9PIqQV"
"Jessica","Moore","Museum education officer","Nurse -  learning disability","pjohnson@example.org","Port Michelleview","335-600-0995","85347","wmsmvuEz"
"Whitney","Hall","Senior tax professional/tax inspector","Surveyor -  hydrographic","jenningslori@example.net","Glennberg","(422)784-9668x675","46322","5YQnruyT"
"Alicia","Daniel","Engineer -  mining","Secretary -  company","todd07@example.com","Pattersonton","865.887.0478x89223","47419","qdw3HFX7"
"Kristin","Saunders","Estate manager/land agent","Analytical chemist","briandavidson@example.org","West Amanda","7734050398","89589","v7x2moNU"
"Jeffrey","Mendez","Dance movement psychotherapist","Research officer -  government","tbryant@example.com","Cherryburgh","+1-725-949-4622","77505","OBmdHPRF"
"Kimberly","Ramirez","Seismic interpreter","Dramatherapist","tonyahayden@example.net","West Cathy","(443)942-0327x26678","43555","QFg2kO8n"
"Clayton","Morrison","Research scientist (life sciences)","Risk manager","brookeanderson@example.net","Grahamchester","(217)657-6478","80060","yuUQdFgV"
"Sarah","Gallagher","Contractor","Nutritional therapist","smithtracie@example.net","Anneport","950-615-2563","11531","GglGExnM"
"Robert","Jones","Engineer -  energy","Operational investment banker","justinstafford@example.org","Ramirezshire","400-203-0054x58013","42052","BUCwDJpw"
"Jennifer","Simmons","Nurse -  children's","Warehouse manager","williamcaldwell@example.org","South Jessica","+1-775-569-7930x888","42617","6AeLzWwO"
"Michael","Moore","Clothing/textile technologist","Therapist -  music","erica22@example.com","East Sarah","342.817.8200","57739","BuNghISp"
"Miranda","Peterson","Scientist -  water quality","Psychotherapist -  child","kellerdavid@example.com","New Courtney","200.431.6535","12882","EailNvSE"
"Carlos","Norris","Animal technologist","Technical brewer","vincent72@example.net","Port Kimberly","(294)511-3843x472","41971","Cg5UHZkD"
"Eric","Gray","Surveyor -  planning and development","Aid worker","cporter@example.org","Katherineburgh","(515)242-9977","52916","oSY0tvny"
"Paul","Wiggins","Special effects artist","Engineer -  materials","zachary01@example.com","Herreraside","7253137290","7376","UIxkFnj9"
"Tracy","Mccullough","Investment banker -  operational","Social research officer -  government","alexander12@example.org","South Bruceberg","504.237.2439x531","53035","mR7PX8NQ"
"Jose","Moore","Programme researcher -  broadcasting/film/video","Rural practice surveyor","tuckermelissa@example.com","West Gary","997.257.2153","35861","jImTNUol"
"Gloria","Parrish","Metallurgist","Curator","wsoto@example.com","Port Emma","001-448-694-0224x6463","78081","b3TaOPhY"
"Vicki","Fletcher","Town planner","Haematologist","frostpaul@example.org","Ericville","469.792.2324x898","93351","E8foNI5C"
"Lisa","Anderson","Curator","Data processing manager","alexmartinez@example.com","Marcuston","(437)649-3573","48436","N3mzFE6p"
"Vanessa","Barnett","Designer -  exhibition/display","Clinical research associate","petersonkevin@example.com","East Brittany","795-600-9001x8381","75158","fbXPGvEI"
"James","Goodwin","Manufacturing engineer","Research scientist (medical)","courtney66@example.com","Mannton","(841)958-0780x2390","86128","kegVB9Ge"
"John","Lawrence","Sound technician -  broadcasting/film/video","Lighting technician -  broadcasting/film/video","kaitlinmelton@example.com","Ethanbury","588.734.1115x05326","89421","CzylaZnK"
"Michael","Ramirez","Doctor -  hospital","Web designer","tiffany02@example.net","New Anthony","(369)322-1807","51273","yGm3wDkt"
"John","Mitchell","Nurse -  adult","Trading standards officer","wallheather@example.com","East Johnfurt","277-505-3662x0794","18157","pBRgPVT2"
"Gregory","Hester","Garment/textile technologist","Quarry manager","hicksjillian@example.com","South Anthony","001-813-507-0107x79148","9051","4X0Phmp2"
"Andrew","Neal","Engineer -  drilling","Higher education careers adviser","calvinlozano@example.net","South Eric","(939)414-6721x230","11900","AuR8M3ov"
"Charles","Francis","Investment banker -  corporate","Community pharmacist","jerry26@example.net","East Michelle","001-584-499-5269x43765","67182","Ag8yKcvu"
"Mary","Graves","Chief Operating Officer","Solicitor -  Scotland","plam@example.org","Andreafurt","3607545499","82586","aJy5RX3R"
"Matthew","Morgan","Administrator -  charities/voluntary organisations","Horticulturist -  commercial","randall81@example.net","Bowenshire","001-314-350-9619x0370","53110","u90ozbaV"
"Lindsey","Newman","Building control surveyor","Financial risk analyst","dana40@example.com","Lake Mary","(672)558-5620","51309","P55kHDCL"
"Shawn","Anderson","Health and safety adviser","Embryologist -  clinical","iferguson@example.com","Emilyville","822.241.8094","33135","1smy0pVh"
"Martin","Brooks","Engineer -  electrical","Environmental consultant","mathisjoshua@example.net","Anthonyburgh","(485)318-1878x873","40977","ChXpYCzI"
"Gregory","Coleman","Customer service manager","Firefighter","ashley01@example.net","East Pamela","476-261-7033x38066","20484","blPL76l0"
"Anthony","Barrett","Ophthalmologist","Operational researcher","brandonwhite@example.org","New Frank","(694)416-6272x05564","3759","SAyOUAWL"
"Crystal","Fleming","Conservator -  museum/gallery","Town planner","james59@example.net","Christinafurt","(826)431-4299x5341","75652","LmQNonHA"
"Tammy","Hall","Mechanical engineer","Psychotherapist -  dance movement","reyesmary@example.org","Morrisborough","(206)820-2962","64846","ZwnV53hC"
"Kelsey","Rodriguez","Chartered certified accountant","Civil engineer -  consulting","bjohns@example.com","South James","742.666.0734x441","94541","NVHMLPIV"
"Edward","Welch","Scientific laboratory technician","Tourist information centre manager","judith29@example.org","Brenttown","(485)718-2209x8965","39696","xtXuLONG"
"Clayton","Henry","Scientist -  audiological","Restaurant manager","collin44@example.com","Melanieland","7592360451","41423","EDgNHeP0"
"Daniel","Miller","Further education lecturer","Immigration officer","kyoung@example.org","Frazierville","5318245105","17476","WYcrC3SI"
"Lee","Shelton","Police officer","Production assistant -  television","anita20@example.net","Port Bethanyville","948-219-1415x075","51059","UQvqhwlu"
"Victor","Goodman","Accountant -  chartered management","Environmental consultant","mjohnson@example.com","Reginafurt","220-863-2060x8059","89486","SHNGdhGe"
"Laura","Rush","Sports administrator","Production assistant -  television","johnsonangela@example.org","Lake Margaretshire","001-672-525-5251x6102","57027","zzs2vM2s"
"Michael","Norman","Insurance claims handler","Clinical biochemist","nancymckay@example.net","Valdezhaven","288.299.7616x60179","69480","Vl6Hy9VJ"
"Laura","Myers","Exhibitions officer -  museum/gallery","Radiographer -  therapeutic","blackburntiffany@example.com","Danielleberg","636-630-3849x2587","70893","mdszrl1d"
"Theresa","Anderson","Pharmacist -  community","Acupuncturist","robert98@example.net","South Thomas","882.696.2030x2051","55157","SRtAuD5m"
"Melissa","Stephens","Artist","Surveyor -  insurance","emilyalexander@example.net","Mooreborough","(638)725-0371","7555","2n5OdZZN"
"Jonathan","Valdez","Engineer -  agricultural","Proofreader","whiteevelyn@example.net","New Andrewtown","(567)906-0564x0140","81740","VjeBZfPt"
"Lisa","Howard","Commercial horticulturist","Chartered public finance accountant","sclark@example.org","East Jenniferport","926.931.0284x07798","47582","7TUhAVqQ"
"Stacy","Morgan","Multimedia programmer","Midwife","corycalderon@example.org","Christopherton","248.852.8959x78602","87289","wGcm1A9S"
"Barbara","Patterson","Planning and development surveyor","Physiological scientist","smithlisa@example.net","Walkerville","(425)669-1365","19522","Kfr5lAOF"
"Teresa","Mcdonald","Scientist -  product/process development","Engineer -  chemical","samuel69@example.org","Bradleyberg","+1-876-481-1379x150","4744","dvA9uPOd"
"Nancy","Patterson","Heritage manager","Agricultural consultant","karenlambert@example.com","Lake Pennychester","001-633-722-1480x12970","48071","25n4XElE"
