first_name,last_name,job_title,department,email,address,phone_number,salary,password
Robert,Guerrero,Further education lecturer,Bookseller,alison85@example.net,Andrewview,538-527-1508x7229,24334,axO0vuJS
Charles,Carey,Human resources officer,Rural practice surveyor,ymartinez@example.org,Cynthiaborough,238.426.5180,16510,r7F3xQd1
Ricky,Lopez,Clinical cytogeneticist,Architect,eric59@example.com,North Dawnmouth,001-309-476-2376x7763,33817,LW2y8Wtp
Sara,Hopkins,Exercise physiologist,Astronomer,campbelldeborah@example.org,West Monica,001-258-419-3790x68782,55631,7mZ8oz0C
Lauren,Moore,Emergency planning/management officer,"Accountant, chartered",patrick31@example.com,North Michelle,(781)802-1188,83197,Xq2jJNDi
Kenneth,Spencer,Health visitor,Special effects artist,santiagomary@example.net,South Dustinside,548-343-0892x083,19086,S4LPQ116
Sandra,Wright,Catering manager,Chief Operating Officer,rodneyolson@example.com,Hernandezmouth,479-717-1908x12703,281,raa3Qavt
Nicholas,Bennett,"Teacher, primary school",Hydrologist,harveydale@example.net,North Deanna,+1-389-741-8387x597,51212,Dprj4mmv
Andrew,Moore,Data scientist,"Journalist, magazine",mullinskevin@example.net,South Michael,679.682.2085x64662,64568,Um4Fr6lz
Dawn,Bryant,Logistics and distribution manager,Pension scheme manager,whitemichael@example.net,Kimberlyton,(831)434-4725,50295,l2geEPj3
James,Holt,"Pilot, airline",Records manager,fjensen@example.com,Randyberg,001-354-351-2520x536,30691,1ceyGP1z
Keith,Knox,Printmaker,Banker,srogers@example.net,Schmidthaven,001-655-364-5368x752,9164,1CTchhDX
Edward,Wheeler,Maintenance engineer,Camera operator,douglasramirez@example.net,North Tracytown,001-743-444-9555,69415,VTfOkHJI
David,Parker,Race relations officer,Prison officer,wjones@example.com,Port Nicholas,001-966-778-1161,94852,jVb4itQp
James,Benson,Clinical biochemist,Theatre manager,catherine66@example.net,Collinland,001-825-554-1828x17586,67349,BHvu3EGs
Katherine,Richard,Clinical cytogeneticist,"Exhibitions officer, museum/gallery",nicole10@example.com,Lake Alejandro,452-598-6728x863,27215,ipuLuV1Y
Stephanie,Miles,"Physicist, medical",Museum/gallery curator,ayersmichele@example.org,Mercerberg,(931)350-6420x3116,44812,Q9VfdlN0
William,Avery,Logistics and distribution manager,Maintenance engineer,murphyamy@example.net,West Andreashire,755-845-3487x89653,96266,D4OCgkyg
Matthew,Walker,"Librarian, public",Archivist,snowjoseph@example.com,New Shanebury,857.872.0675x665,55964,KKVpcFBX
Jesse,Lee,Associate Professor,"Scientist, research (maths)",tammylee@example.org,Joneschester,+1-474-393-5380x0125,26524,qhY3jd27
Lindsey,Hudson,Sports coach,"Engineer, electrical",graveschristopher@example.net,Port Joshua,310-590-6941x4238,56118,k1tDrgUG
John,Boyer,Investment analyst,"Horticulturist, amenity",williamsvincent@example.org,Jasonmouth,+1-600-640-2156x29868,61591,M1yrqqbQ
Jennifer,Briggs,"Restaurant manager, fast food",Field trials officer,david64@example.net,North Dana,242.648.2365x433,61046,AHgIje8F
Kathy,Brown,Naval architect,"Nurse, learning disability",michele66@example.org,Kennethport,5543730576,8181,3FK8np4o
Jennifer,Green,"Engineer, chemical",Occupational therapist,ebriggs@example.net,Shellyshire,+1-775-427-3189x11921,83257,97VrFv0Y
Catherine,Hamilton,Technical brewer,"Merchandiser, retail",shane01@example.org,South Samuel,(577)772-5859x0357,79072,HLqmGTVb
Taylor,Taylor,Television/film/video producer,"Geologist, wellsite",elizabethdavis@example.com,Wilsonborough,861.675.9931,74803,Q6SE99KT
David,Williams,Museum/gallery exhibitions officer,Insurance risk surveyor,hilldanielle@example.org,East James,+1-341-620-5392x867,98455,XjebbH1W
Elizabeth,Serrano,Health and safety inspector,Drilling engineer,haleyteresa@example.com,Ashleyshire,9205766555,37106,8UcLmOxG
Nicolas,Stark,Patent examiner,Sports coach,wkirby@example.org,Danaton,+1-656-379-5961x481,59521,2iXSc1U9
James,Norris,Museum/gallery curator,Museum/gallery curator,samantha61@example.net,New Sarah,321-783-7124x41247,71033,8GEgp6Ny
Matthew,House,Commissioning editor,"Psychologist, educational",daniellebrooks@example.org,Batesborough,(708)898-6279x3480,27185,joBSMmCD
Sherry,Robinson,Insurance account manager,Community arts worker,briana35@example.org,Bairdmouth,501-995-2516x45050,91474,Jnmn6WwE
Logan,Porter,Psychiatrist,Trade union research officer,cody50@example.org,Juliamouth,(781)334-3514x14738,57196,wDg2w8N8
Ellen,Erickson,"Scientist, research (physical sciences)",Film/video editor,billy71@example.net,East Jessica,685.757.0992,87820,nDpGsF8f
Cynthia,Campbell,Speech and language therapist,"Psychologist, sport and exercise",fblake@example.org,New Heather,451.470.3075x9691,8894,b610WmWd
Danielle,Lee,"Administrator, charities/voluntary organisations","Surveyor, rural practice",wtownsend@example.org,North Derek,001-425-557-6793x0219,99444,CFlzMhCM
Tracy,Gould,Applications developer,"Psychologist, occupational",susanedwards@example.net,Butlerchester,651-741-6861x06714,2448,QgCufOl9
Jennifer,Richard,Occupational psychologist,Accounting technician,christophersilva@example.org,Ramirezshire,001-450-221-5094x6654,67515,evgw9OQJ
Andrea,Carter,"Engineer, civil (consulting)",Air cabin crew,lopezlee@example.com,Davidhaven,380.496.7664x807,410,scWD0hGz
Lisa,Jackson,Waste management officer,"Surveyor, minerals",taylormary@example.com,Garciaville,299.695.8179,20176,QbCvbxPG
Dillon,Lopez,Careers information officer,"Solicitor, Scotland",hugheserin@example.net,Monroeport,(948)421-2449,91115,tLF1D0qE
Beverly,Bailey,Occupational therapist,Metallurgist,laurieday@example.org,New Patricialand,001-620-798-6056x4237,15566,awobuKfo
Chelsey,Jensen,Microbiologist,Print production planner,kristi83@example.org,Lake Tiffany,(260)825-4472x218,17676,Cfy1Lgeg
Jonathan,Harris,Video editor,"Psychotherapist, dance movement",rodgersbilly@example.com,Gouldland,775-819-7864x73623,74861,6jM7xrrv
Daniel,Miller,Geophysical data processor,Geophysicist/field seismologist,joshua17@example.net,Smithton,269.695.7975,13926,Cucv5edm
Barbara,Medina,Computer games developer,"Conservation officer, historic buildings",kanewayne@example.com,Lake Kevin,001-511-253-5582x7340,98836,hTC01AJP
Sheri,Martinez,"Administrator, local government",Surgeon,tamara31@example.com,Leeview,527.232.9108x7069,71495,MfG62Ck2
Nicole,Li,Chartered certified accountant,Special effects artist,elizabeth54@example.com,Port Jennifer,+1-369-908-4300x549,1153,QbJJgS3S
Christopher,Allen,Armed forces logistics/support/administrative officer,Production manager,brent59@example.org,Greenport,2436396080,75609,RBmJ2Cdw
Corey,Lamb,Publishing copy,Curator,gouldjose@example.com,South Kimberly,776.791.9684,26911,mvlNzUla
David,Hahn,Magazine features editor,Publishing rights manager,davisteresa@example.org,South Jeremy,721-246-5180x8522,3961,TTyrvXdP
Maria,Turner,Psychiatrist,"Horticulturist, commercial",johnrush@example.com,South Joshuaburgh,678.636.5918x72854,55394,AIqi70xL
Timothy,Duke,Clinical research associate,Systems analyst,hschneider@example.net,Port Mark,666.804.3561x67094,99267,Ic0Eyxzh
Rachel,Smith,English as a foreign language teacher,Curator,delgadolindsey@example.org,Kirkbury,+1-202-564-3735,91568,grsZEjnj
Elizabeth,Bauer,Sales executive,Data processing manager,samuelwilson@example.com,Danaland,+1-728-616-2490x786,32481,4Ccx9OON
Carolyn,Klein,"Designer, furniture",Chartered legal executive (England and Wales),hubbardcurtis@example.org,Nathanshire,+1-699-210-5323x255,28898,SrNfmFgY
Vanessa,Johnson,Museum/gallery exhibitions officer,"Surveyor, rural practice",palmermartin@example.org,Christianville,(809)213-6053x04705,85749,cTvfoc3y
Mark,Palmer,"Scientist, biomedical",Ambulance person,johnsontammy@example.net,East Matthewshire,(266)676-3219x186,88000,NRJ3mIS6
Corey,Martin,Biomedical engineer,Tourist information centre manager,austinkyle@example.com,Port Andrew,9415741468,91067,DaJOYIYm
Michael,Davis,Technical sales engineer,Soil scientist,jacob56@example.org,Shannonfurt,657-364-4168,18846,9HQ8ATIG
Jimmy,Townsend,Accommodation manager,"Engineer, production",lisa15@example.org,Ashleystad,320-948-3777x9854,34155,jdXBqOa4
Michael,Russell,Television camera operator,Photographer,mackenzie40@example.org,Frederickbury,628-762-6624x523,67337,kVcLeMBr
Meredith,Smith,Pension scheme manager,Occupational therapist,hugheslauren@example.org,Johnsonland,653.617.9741,78147,CNbrFkSH
Sarah,Alvarez,Geophysicist/field seismologist,"Designer, textile",myersjulia@example.com,Port William,+1-396-713-2033,47935,CUFShm0V
Randy,Martin,Conference centre manager,Ergonomist,hansenstephanie@example.net,Derrickshire,(516)389-3883x0677,93335,WTI14U5P
Joel,Hernandez,"Engineer, petroleum",Medical physicist,westcody@example.com,Derrickview,444-970-3513,39575,hcXUcoOQ
Oscar,Shaw,"Pilot, airline","Engineer, communications",oyoder@example.com,New Jeremyside,618.490.9239x9773,99126,ItB5MbA6
Mary,Thomas,Product manager,Magazine features editor,gmckenzie@example.com,South Jeffrey,392-518-2665x632,38474,TmpByhmr
Jeremiah,Perkins,Food technologist,Sales promotion account executive,robert89@example.net,New Jeffrey,935.201.3697x0371,86473,8hbTj2Lb
Brian,Hernandez,Research scientist (medical),"Designer, blown glass/stained glass",destinywilson@example.net,New Christineside,599-221-0621x057,2839,7WSpjLQb
Roberto,Spencer,Technical sales engineer,Database administrator,eyoung@example.com,East Shawn,001-823-544-4161,35081,ZXjjgpEs
Michael,Arnold,Retail buyer,"Engineer, production",ovazquez@example.net,East Michele,462-797-5415,94239,3Neaxe3n
Anna,Myers,Musician,Retail banker,christopher74@example.org,Wileytown,(350)560-4300,7985,WFKuSdqu
Thomas,Martin,"Engineer, electronics",Investment analyst,katherine35@example.net,Elliottfurt,001-418-305-7820x780,4151,C4bqark2
Michael,Nichols,Psychiatrist,"Surveyor, mining",jason94@example.net,New Craig,839-406-6963,62538,ZQZCqY0s
Charles,Maldonado,Geographical information systems officer,"Buyer, industrial",anthonycarlson@example.com,Fergusonborough,7317485581,82875,3CvpWTvg
Helen,Galloway,Scientific laboratory technician,Conference centre manager,zachary68@example.org,East Casey,(432)785-7379,40674,mutJxV7m
Mark,Young,Bonds trader,"Physicist, medical",oschwartz@example.org,East Andreaside,330-634-5985x19590,41270,8rHRskX4
Meghan,Davis,Child psychotherapist,Operational investment banker,kellygomez@example.com,Lake Robertville,(678)404-3956x21704,32720,gGV4uG3H
Brandon,Neal,Bookseller,"Lecturer, further education",fmartin@example.org,Davishaven,395.680.6648x72605,47728,8328CWmW
Brandon,Conner,"Production assistant, radio",Charity officer,adriancarroll@example.org,North Karenside,823.678.6833x7297,74633,N0q6yIai
Brandon,Hernandez,"Programmer, multimedia","Conservation officer, historic buildings",wanda73@example.com,Williamsshire,595.418.0858x70848,38949,mNVgPfl2
Larry,Obrien,Cytogeneticist,Water quality scientist,stephanie18@example.org,Wademouth,001-816-766-3529,13762,NNOTU0Qx
Steven,Collins,Museum/gallery exhibitions officer,"Teacher, special educational needs",wangamanda@example.net,Michaelberg,(803)313-9981x89813,53921,7llKOBg1
John,Love,Geoscientist,Health visitor,steven04@example.net,Carlamouth,001-275-423-7104x43214,16089,0nOfKNTm
Jeffery,Weaver,Armed forces training and education officer,Immigration officer,tylersmith@example.net,Wagnerstad,658-335-6473x2443,3045,AbfygTTo
Karen,Kennedy,Waste management officer,"Designer, multimedia",breid@example.com,North Jamiebury,(996)784-7121x7955,47786,tR0csDel
Jessica,Lopez,Barrister,IT trainer,nbuckley@example.net,Loganport,(987)760-4847x847,75584,i9aamcYd
Kevin,Levy,"Civil engineer, consulting",Operational investment banker,lorraine46@example.net,Brianland,+1-723-283-7257,28799,QVBfb2dm
Jonathan,Johns,Trade mark attorney,Management consultant,akelly@example.com,Lake Connie,(889)920-4255,66878,KbfNNMph
Jackie,Lopez,Magazine features editor,Civil Service fast streamer,thomasmary@example.com,North Veronica,913.477.5605,1416,A7ofireZ
Jennifer,Gibson,Medical sales representative,Air traffic controller,christopherpatterson@example.com,North Corey,(834)443-7414,32124,Iv7KCHNu
Donna,Oneal,Hospital pharmacist,"Scientist, research (medical)",jwilkins@example.com,North Kimberlybury,001-281-970-8759,66633,pHUtUiNc
Edward,Rivera,Geophysicist/field seismologist,Surgeon,nmeyer@example.org,East Aprilborough,(214)750-4782x649,44606,ARH3Idmc
Brandon,Mccarthy,Tourist information centre manager,Scientific laboratory technician,hunterreed@example.net,East Josephbury,(204)423-2067x34086,74383,1XTJL4YO
Rodney,Mcmillan,Secretary/administrator,Television/film/video producer,ycrawford@example.org,Martinshire,7599917043,8422,kqxEQovH
Danielle,Hill,Drilling engineer,Press photographer,bartlettchristopher@example.org,Port Rebeccatown,+1-342-492-2696,64849,0wojLN2S
John,Miller,Health physicist,"Editor, film/video",afrancis@example.org,Jessehaven,001-771-936-3685,32044,dMYaNhla
Jennifer,Clark,Statistician,Visual merchandiser,anthony33@example.com,Hollandfurt,+1-283-245-0033x16974,1803,0z42Mnmm
